use projeto;

-- Inserir dados na tabela `Capitaes`
INSERT INTO `Capitaes` (`nome`, `idade`) VALUES
('João Silva', 35),
('Carlos Santos', 30),
('Miguel Pereira', 32),
('Pedro Costa', 29),
('Ricardo Martins', 34),
('Luís Oliveira', 31),
('André Rodrigues', 28),
('Tiago Fernandes', 33),
('Fernando Almeida', 36),
('José Sousa', 30),
('Paulo Ribeiro', 27),
('Manuel Dias', 32),
('Rui Lopes', 29),
('Bruno Gomes', 34),
('Guilherme Lima', 31),
('Henrique Pinto', 28),
('Fábio Monteiro', 35),
('António Marques', 30),
('Eduardo Carvalho', 32),
('Rodrigo Ramos', 29);

-- Inserir dados na tabela `Escola`
INSERT INTO `Escola` (`nome`, `morada`) VALUES
('Academia de Luta Dragão', 'Rua da Rotunda Nº19'),
('Centro de Artes Marciais Phoenix', 'Avenida das Flores Nº22'),
('Escola de Boxe Gladiador', 'Rua do Sol Nº5'),
('Academia de Jiu-Jitsu Samurai', 'Travessa do Mercado Nº3'),
('Centro de Treinamento Spartacus', 'Largo da Praça Nº7'),
('Academia de Muay Thai Leão', 'Rua do Parque Nº12'),
('Escola de Karate Tigre', 'Rua das Palmeiras Nº21'),
('Academia de Taekwondo Águia', 'Avenida da Liberdade Nº45'),
('Centro de Capoeira Capoeira Brasil', 'Rua da Esperança Nº10'),
('Escola de Judô Seikou', 'Rua do Comércio Nº8'),
('Academia de Kickboxing Fênix', 'Rua das Acácias Nº14'),
('Centro de MMA Guerreiro', 'Rua do Limoeiro Nº17'),
('Escola de Wrestling Tormenta', 'Rua das Laranjeiras Nº2'),
('Academia de Kung Fu Dragão Negro', 'Rua dos Pescadores Nº13'),
('Centro de Treinamento Gracie', 'Rua do Mar Nº9'),
('Escola de Sambo Estrela', 'Avenida dos Campos Nº6'),
('Academia de Krav Maga Defender', 'Rua da Ponte Nº23'),
('Centro de Luta Livre Impacto', 'Rua da Várzea Nº11'),
('Escola de Hapkido Tigre Branco', 'Rua das Fontes Nº4'),
('Academia de Boxe Ferro', 'Rua da Estação Nº18');

-- Inserir dados na tabela `Atleta`
INSERT INTO `Atleta` (`nome`, `idade`, `peso`, `altura`, `Atleta_idCapitao`, `Atleta_idEscola`) VALUES
('João Silva', 25, 70.5, 1.75, 1, 1),
('Carlos Santos', 30, 68.2, 1.80, 2, 2),
('Miguel Pereira', 28, 75.3, 1.78, 3, 3),
('Pedro Costa', 24, 72.1, 1.82, 4, 4),
('Ricardo Martins', 26, 73.0, 1.77, 5, 5),
('Luís Oliveira', 21, 69.4, 1.81, 6, 6),
('André Rodrigues', 27, 74.5, 1.76, 7, 7),
('Tiago Fernandes', 23, 71.8, 1.83, 8, 8),
('Fernando Almeida', 29, 76.2, 1.79, 9, 9),
('José Sousa', 20, 67.5, 1.84, 10, 10),
('Paulo Ribeiro', 25, 70.9, 1.75, 11, 11),
('Manuel Dias', 22, 68.3, 1.80, 12, 12),
('Rui Lopes', 28, 75.1, 1.78, 13, 13),
('Bruno Gomes', 30, 72.4, 1.82, 14, 14),
('Guilherme Lima', 26, 73.5, 1.77, 15, 15),
('Henrique Pinto', 21, 69.8, 1.81, 16, 16),
('Fábio Monteiro', 27, 74.6, 1.76, 17, 17),
('António Marques', 23, 71.9, 1.83, 18, 18),
('Eduardo Carvalho', 29, 76.3, 1.79, 19, 19),
('Rodrigo Ramos', 20, 67.7, 1.84, 20, 20);

-- Inserir dados na tabela `Mister`
INSERT INTO `Mister` (`nome`, `idade`, `Mister_idEscola`) VALUES
('José Mourinho', 57, 1),
('Pep Guardiola', 49, 2),
('Jurgen Klopp', 53, 3),
('Zinedine Zidane', 48, 4),
('Diego Simeone', 50, 5),
('Carlo Ancelotti', 61, 6),
('Mauricio Pochettino', 48, 7),
('Antonio Conte', 51, 8),
('Thomas Tuchel', 47, 9),
('Mikel Arteta', 38, 10),
('Brendan Rodgers', 48, 11),
('Ralph Hasenhüttl', 53, 12),
('Nuno Espírito Santo', 46, 13),
('Marcelo Bielsa', 65, 14),
('Julian Nagelsmann', 33, 15),
('Ole Gunnar Solskjaer', 47, 16),
('Steven Gerrard', 40, 17),
('Frank Lampard', 42, 18),
('Paulo Fonseca', 47, 19),
('David Moyes', 57, 20);

-- Inserir dados na tabela `Evento`
INSERT INTO `Evento` (`nomeEvento`, `estado`) VALUES
('Campeonato Nacional', 'Ativo'),
('Torneio de Verão', 'Ativo'),
('Copa Primavera', 'Inativo'),
('Campeonato Regional', 'Ativo'),
('Taça de Inverno', 'Inativo'),
('Festival de Artes Marciais', 'Ativo'),
('Torneio de Outono', 'Inativo'),
('Desafio de Campeões', 'Ativo'),
('Copa de Verão', 'Inativo'),
('Torneio Internacional', 'Ativo'),
('Liga dos Campeões', 'Inativo'),
('Taça dos Campeões', 'Ativo'),
('Desafio de Inverno', 'Inativo'),
('Campeonato de Verão', 'Ativo'),
('Torneio de Artes Marciais', 'Inativo'),
('Copa de Outono', 'Ativo'),
('Campeonato Internacional', 'Inativo'),
('Festival de Verão', 'Ativo'),
('Taça Primavera', 'Inativo'),
('Copa dos Campeões', 'Ativo');

-- Inserir dados na tabela `Combate`
INSERT INTO `Combate` (`nomeCombate`, `atletas`, `Combate_idEvento`) VALUES
('Combate 1', 'João Silva vs Carlos Santos', 1),
('Combate 2', 'Miguel Pereira vs Pedro Costa', 2),
('Combate 3', 'Ricardo Martins vs Luís Oliveira', 3),
('Combate 4', 'André Rodrigues vs Tiago Fernandes', 4),
('Combate 5', 'Fernando Almeida vs José Sousa', 5),
('Combate 6', 'Paulo Ribeiro vs Manuel Dias', 6),
('Combate 7', 'Rui Lopes vs Bruno Gomes', 7),
('Combate 8', 'Guilherme Lima vs Henrique Pinto', 8),
('Combate 9', 'Fábio Monteiro vs António Marques', 9),
('Combate 10', 'Eduardo Carvalho vs Rodrigo Ramos', 10),
('Combate 11', 'João Silva vs Miguel Pereira', 11),
('Combate 12', 'Carlos Santos vs Pedro Costa', 12),
('Combate 13', 'Ricardo Martins vs Tiago Fernandes', 13),
('Combate 14', 'André Rodrigues vs José Sousa', 14),
('Combate 15', 'Fernando Almeida vs Manuel Dias', 15),
('Combate 16', 'Paulo Ribeiro vs Bruno Gomes', 16),
('Combate 17', 'Rui Lopes vs Henrique Pinto', 17),
('Combate 18', 'Guilherme Lima vs António Marques', 18),
('Combate 19', 'Fábio Monteiro vs Rodrigo Ramos', 19),
('Combate 20', 'Eduardo Carvalho vs João Silva', 20);

-- Inserir dados na tabela `Modalidade`
INSERT INTO `Modalidade` (`nomeModalidade`, `Modalidade_idCombate`, `Modalidade_idEvento`) VALUES
('Boxe', 1, 1),
('Jiu-Jitsu', 2, 2),
('Muay Thai', 3, 3),
('Karate', 4, 4),
('Taekwondo', 5, 5),
('Capoeira', 6, 6),
('Judô', 7, 7),
('Kickboxing', 8, 8),
('MMA', 9, 9),
('Wrestling', 10, 10),
('Kung Fu', 11, 11),
('Sambo', 12, 12),
('Krav Maga', 13, 13),
('Luta Livre', 14, 14),
('Hapkido', 15, 15),
('Boxe', 16, 16),
('Jiu-Jitsu', 17, 17),
('Muay Thai', 18, 18),
('Karate', 19, 19),
('Taekwondo', 20, 20);

-- Inserir dados na tabela `Estatistica`
INSERT INTO `Estatistica` (`numVitorias`, `numDerrotas`, `numCombates`, `anosExperiencia`, `Estatistica_idAtleta`, `Estatistica_idCapitao`, `Estatistica_idEscola`) VALUES
(5, 2, 7, 3, 1, 1, 1),
(3, 3, 6, 2, 2, 2, 2),
(6, 1, 7, 4, 3, 3, 3),
(4, 2, 6, 3, 4, 4, 4),
(5, 3, 8, 5, 5, 5, 5),
(2, 4, 6, 1, 6, 6, 6),
(6, 2, 8, 4, 7, 7, 7),
(4, 3, 7, 2, 8, 8, 8),
(5, 2, 7, 3, 9, 9, 9),
(3, 3, 6, 2, 10, 10, 10),
(6, 1, 7, 4, 11, 11, 11),
(4, 2, 6, 3, 12, 12, 12),
(5, 3, 8, 5, 13, 13, 13),
(2, 4, 6, 1, 14, 14, 14),
(6, 2, 8, 4, 15, 15, 15),
(4, 3, 7, 2, 16, 16, 16),
(5, 2, 7, 3, 17, 17, 17),
(3, 3, 6, 2, 18, 18, 18),
(6, 1, 7, 4, 19, 19, 19),
(4, 2, 6, 3, 20, 20, 20);

-- Inserir dados na tabela `Juri`
INSERT INTO `Juri` (`nomeJuri`, `idEvento`) VALUES
('Álvaro Mendes', 1),
('Beatriz Oliveira', 2),
('Carlos Fernandes', 3),
('Daniela Costa', 4),
('Eduardo Almeida', 5),
('Fernanda Ribeiro', 6),
('Gustavo Martins', 7),
('Helena Silva', 8),
('Isabel Santos', 9),
('João Pereira', 10),
('Katia Lopes', 11),
('Leonardo Carvalho', 12),
('Mariana Dias', 13),
('Nuno Rodrigues', 14),
('Olívia Monteiro', 15),
('Pedro Nunes', 16),
('Quintino Sousa', 17),
('Rafaela Cunha', 18),
('Sérgio Castro', 19),
('Tatiana Ramos', 20);


-- Inserir dados na tabela `Atleta_has_Combate`
INSERT INTO `Atleta_has_Combate` (`AC_idAtleta`, `AC_idCombate`) VALUES
(1, 1),
(2, 2),
(3, 3),
(4, 4),
(5, 5),
(6, 6),
(7, 7),
(8, 8),
(9, 9),
(10, 10),
(11, 11),
(12, 12),
(13, 13),
(14, 14),
(15, 15),
(16, 16),
(17, 17),
(18, 18),
(19, 19),
(20, 20);

-- Inserir dados na tabela `Juri_has_Evento`
INSERT INTO `Juri_has_Evento` (`JC_idJuri`, `JC_idEvento`) VALUES
(1, 1),
(2, 2),
(3, 3),
(4, 4),
(5, 5),
(6, 6),
(7, 7),
(8, 8),
(9, 9),
(10, 10),
(11, 11),
(12, 12),
(13, 13),
(14, 14),
(15, 15),
(16, 16),
(17, 17),
(18, 18),
(19, 19),
(20, 20);

-- Inserir dados na tabela `Modalidade_has_Escola`
INSERT INTO `Modalidade_has_Escola` (`MA_idModalidade`, `MA_idEscola`) VALUES
(1, 1),
(2, 2),
(3, 3),
(4, 4),
(5, 5),
(6, 6),
(7, 7),
(8, 8),
(9, 9),
(10, 10),
(11, 11),
(12, 12),
(13, 13),
(14, 14),
(15, 15),
(16, 16),
(17, 17),
(18, 18),
(19, 19),
(20, 20);
